{"fund": 0.024398736070594396, "stocks": 100.84530230987113, "MSFT": [244.10000610351562, 244.02000427246094, 245.77999877929688, 247.0800018310547], "GOOGL": [95.22000122070312, 95.19000244140625, 93.92500305175781], "AAPL": [141.1699981689453, 141.0850067138672], "JNJ": [177.4600067138672], "DIS": []}