{"fund": 10.0, "stocks": 90.34674300576339, "MSFT": [244.2100067138672, 244.25, 244.24000549316406, 244.52499389648438], "GOOGL": [96.625, 96.58999633789062, 96.625], "AAPL": [142.2174072265625, 142.18569946289062]}