{"fund": 0.04427551355861681, "stocks": 100.04366069403642, "MSFT": [246.86000061035156], "GOOGL": [94.00499725341797, 93.79000091552734, 93.63999938964844], "AAPL": [142.29010009765625], "JNJ": [177.1199951171875, 177.02000427246094, 177.11500549316406, 177.1300048828125, 177.0449981689453], "DIS": []}