{"fund": 10.0, "stocks": 29.9251094744768, "TSLA": [173.17999267578125, 173.41000366210938, 173.22300720214844, 173.25, 173.1999969482422, 173.75], "T": [19.349899291992188, 19.344999313354492, 19.350000381469727]}